,file
0,D:\AgileAI\Kaggle_Notebooks\kaggle_scripts\_nlp-getting-started_correlations-dataprep-kendalltauipynb.py
1,D:\AgileAI\Kaggle_Notebooks\kaggle_scripts\_tabular-playground-series-feb-2022_cnn-on-cifar-10ipynb.py
2,D:\AgileAI\Kaggle_Notebooks\kaggle_scripts\_feedback-prize-2021_multiclass-text-classificationipynb.py
3,D:\AgileAI\Kaggle_Notebooks\kaggle_scripts\_plant-pathology-2020-fgvc7_plant-pathology-pytorchipynb.py
4,D:\AgileAI\Kaggle_Notebooks\kaggle_scripts\_tabular-playground-series-feb-2022_jack-siim-tensorflow2ipynb.py
5,D:\AgileAI\Kaggle_Notebooks\kaggle_scripts\_tabular-playground-series-may-2021_tabular-series-beginner-solutionipynb.py
6,D:\AgileAI\Kaggle_Notebooks\kaggle_scripts\_abstraction-and-reasoning-challenge_outliers-analysis-lb-0-98ipynb.py
7,D:\AgileAI\Kaggle_Notebooks\kaggle_scripts\_AI4Code_gradient-descent-implementation-for-olsipynb.py
8,D:\AgileAI\Kaggle_Notebooks\kaggle_scripts\_tabular-playground-series-may-2022_5-classes-classification-amazon-reviews-40-lstmipynb.py
9,D:\AgileAI\Kaggle_Notebooks\kaggle_scripts\_ventilator-pressure-prediction_add-0036514624-data-transformation-in-o-n-timeipynb.py
10,D:\AgileAI\Kaggle_Notebooks\kaggle_scripts\_digit-recognizer_digit-recognizer-keras-gpuipynb.py
11,D:\AgileAI\Kaggle_Notebooks\kaggle_scripts\_hotel-id-to-combat-human-trafficking-2022-fgvc9_may-tp-xgboost-parameter-searchipynb.py
12,D:\AgileAI\Kaggle_Notebooks\kaggle_scripts\_tabular-playground-series-mar-2022_machine-learning-models-vs-deep-learningipynb.py
13,D:\AgileAI\Kaggle_Notebooks\kaggle_scripts\_histopathologic-cancer-detection_cancer-detection-pytorch-cnnipynb.py
14,D:\AgileAI\Kaggle_Notebooks\kaggle_scripts\_h-and-m-personalized-fashion-recommendations_starter-trending-youtube-video-55ec74f4-8ipynb.py
15,D:\AgileAI\Kaggle_Notebooks\kaggle_scripts\_g-research-crypto-forecasting_scikit-learn-williamipynb.py
16,D:\AgileAI\Kaggle_Notebooks\kaggle_scripts\_nfl-health-and-safety-helmet-assignment_function-linear-regression-single-line-codeipynb.py
17,D:\AgileAI\Kaggle_Notebooks\kaggle_scripts\_g2net-gravitational-wave-detection_g2net-effb3-100-seed-21-newipynb.py
18,D:\AgileAI\Kaggle_Notebooks\kaggle_scripts\_jpx-tokyo-stock-exchange-prediction_testing-binary-cnn-models-amazon-yelp-reviewsipynb.py
19,D:\AgileAI\Kaggle_Notebooks\kaggle_scripts\_santa-2021_starter-house-sales-in-king-county-8ceb15de-5ipynb.py
20,D:\AgileAI\Kaggle_Notebooks\kaggle_scripts\_landmark-recognition-2021_glrecogn21-efficientnetb0-baseline-inferenceipynb.py
21,D:\AgileAI\Kaggle_Notebooks\kaggle_scripts\_GiveMeSomeCredit_notebookfa1dd4ec5bipynb.py
22,D:\AgileAI\Kaggle_Notebooks\kaggle_scripts\_kore-2022_starter-graduate-admissions-91c64936-aipynb.py
23,D:\AgileAI\Kaggle_Notebooks\kaggle_scripts\_store-sales-time-series-forecasting_may-tp-xgboost-parameter-searchipynb.py
24,D:\AgileAI\Kaggle_Notebooks\kaggle_scripts\_connectx_starter-titanic-8106b276-cipynb.py
25,D:\AgileAI\Kaggle_Notebooks\kaggle_scripts\_santander-customer-transaction-prediction_standard-projipynb.py
26,D:\AgileAI\Kaggle_Notebooks\kaggle_scripts\_data-science-bowl-2019_kernel-add-catboostipynb.py
27,D:\AgileAI\Kaggle_Notebooks\kaggle_scripts\_tabular-playground-series-oct-2021_santander-customer-pca-dae-using-lr-lgbmipynb.py
28,D:\AgileAI\Kaggle_Notebooks\kaggle_scripts\_lux-ai-2021_starter-red-wine-quality-fd717a1f-3ipynb.py
29,D:\AgileAI\Kaggle_Notebooks\kaggle_scripts\_ghouls-goblins-and-ghosts-boo_notebookdcf724b158ipynb.py
30,D:\AgileAI\Kaggle_Notebooks\kaggle_scripts\_flower-classification-with-tpus_densenet-3-conv2d-predicts-flowers-on-tpuipynb.py
31,D:\AgileAI\Kaggle_Notebooks\kaggle_scripts\_store-sales-time-series-forecasting_jpx-pytorch-neural-network-with-ta-lib-featuresipynb.py
32,D:\AgileAI\Kaggle_Notebooks\kaggle_scripts\_herbarium-2022-fgvc9_student-placement-predictions-with-datavizipynb.py
33,D:\AgileAI\Kaggle_Notebooks\kaggle_scripts\_dont-call-me-turkey_no-frills-turkeyipynb.py
34,D:\AgileAI\Kaggle_Notebooks\kaggle_scripts\_image-matching-challenge-2022_financial-time-series-predictionipynb.py
35,D:\AgileAI\Kaggle_Notebooks\kaggle_scripts\_smartphone-decimeter-2022_knn-randomforestclassifieripynb.py
36,D:\AgileAI\Kaggle_Notebooks\kaggle_scripts\_womens-march-mania-2022_jigsaw-tpu-xlm-robertaipynb.py
37,D:\AgileAI\Kaggle_Notebooks\kaggle_scripts\_avito-context-ad-clicks_logistic-regression-on-ctr-pt-2py.py
38,D:\AgileAI\Kaggle_Notebooks\kaggle_scripts\_nfl-health-and-safety-helmet-assignment_recall-97-by-using-undersampling-neural-networkipynb.py
39,D:\AgileAI\Kaggle_Notebooks\kaggle_scripts\_trackml-particle-identification_trackml-particle-tracking-challengeipynb.py
40,D:\AgileAI\Kaggle_Notebooks\kaggle_scripts\_aptos2019-blindness-detection_effnetipynb.py
41,D:\AgileAI\Kaggle_Notebooks\kaggle_scripts\_image-matching-challenge-2022_smarcle-w3-concrete-crack-imageipynb.py
42,D:\AgileAI\Kaggle_Notebooks\kaggle_scripts\_ncaaw-march-mania-2021_2021-ncaaw-first-step-v-3-stage-2-visualizationipynb.py
43,D:\AgileAI\Kaggle_Notebooks\kaggle_scripts\_iwildcam2022-fgvc9_tps-may-pytorch-with-gpuipynb.py
44,D:\AgileAI\Kaggle_Notebooks\kaggle_scripts\_lux-ai-2021_private-or-public-dsos2022ipynb.py
45,D:\AgileAI\Kaggle_Notebooks\kaggle_scripts\_quora-question-pairs_quora-question-pair-using-glove-and-lstmipynb.py
46,D:\AgileAI\Kaggle_Notebooks\kaggle_scripts\_nlp-getting-started_tabular-playground-series-may-2022ipynb.py
47,D:\AgileAI\Kaggle_Notebooks\kaggle_scripts\_AI4Code_jpx-lgbm-try1ipynb.py
48,D:\AgileAI\Kaggle_Notebooks\kaggle_scripts\_two-sigma-connect-rental-listing-inquiries_weighted-avaragepy.py
49,D:\AgileAI\Kaggle_Notebooks\kaggle_scripts\_chaii-hindi-and-tamil-question-answering_wip-gi-seg-pytorch-monai-3d-train-inferipynb.py
50,D:\AgileAI\Kaggle_Notebooks\kaggle_scripts\_nomad2018-predict-transparent-conductors_two-outputs-regressor-with-lightgbmpy.py
51,D:\AgileAI\Kaggle_Notebooks\kaggle_scripts\_womens-march-mania-2022_banking-dataset-marketing-targetsipynb.py
52,D:\AgileAI\Kaggle_Notebooks\kaggle_scripts\_elo-merchant-category-recommendation_elo-my-first-notebookipynb.py
53,D:\AgileAI\Kaggle_Notebooks\kaggle_scripts\_jigsaw-multilingual-toxic-comment-classification_jigsaw-luke-train-with-torch-xlaipynb.py
54,D:\AgileAI\Kaggle_Notebooks\kaggle_scripts\_flower-classification-with-tpus_competitions-100-types-of-flowers-on-tpuipynb.py
55,D:\AgileAI\Kaggle_Notebooks\kaggle_scripts\_nfl-big-data-bowl-2022_neurowolfipynb.py
56,D:\AgileAI\Kaggle_Notebooks\kaggle_scripts\_iwildcam2022-fgvc9_predicting-the-successipynb.py
57,D:\AgileAI\Kaggle_Notebooks\kaggle_scripts\_competitive-data-science-predict-future-sales_flickr27-mobilenetv2-pytorch-ipynbipynb.py
58,D:\AgileAI\Kaggle_Notebooks\kaggle_scripts\_AI4Code_titanic-disaster-deeper-into-datasetipynb.py
59,D:\AgileAI\Kaggle_Notebooks\kaggle_scripts\_ghouls-goblins-and-ghosts-boo_boo-vote-isorutionipynb.py
60,D:\AgileAI\Kaggle_Notebooks\kaggle_scripts\_womens-march-mania-2022_jack-siim-tensorflow2ipynb.py
61,D:\AgileAI\Kaggle_Notebooks\kaggle_scripts\_image-matching-challenge-2022_fasttext-supervised-classifieripynb.py
62,D:\AgileAI\Kaggle_Notebooks\kaggle_scripts\_grasp-and-lift-eeg-detection_maorshpy.py
63,D:\AgileAI\Kaggle_Notebooks\kaggle_scripts\_tabular-playground-series-apr-2022_starter-synthetic-financial-datasets-cd6449a6-6ipynb.py
64,D:\AgileAI\Kaggle_Notebooks\kaggle_scripts\_lux-ai-2021_raisin-svm-classificationipynb.py
65,D:\AgileAI\Kaggle_Notebooks\kaggle_scripts\_herbarium-2022-fgvc9_clustering-on-wine-quality-3-different-clustersipynb.py
66,D:\AgileAI\Kaggle_Notebooks\kaggle_scripts\_house-prices-advanced-regression-techniques_house-price-analysisipynb.py
67,D:\AgileAI\Kaggle_Notebooks\kaggle_scripts\_santa-2021_starter-women-s-e-commerce-clothing-72789f05-0ipynb.py
68,D:\AgileAI\Kaggle_Notebooks\kaggle_scripts\_geolifeclef-2022-lifeclef-2022-fgvc9_nlp-with-disaster-tweets-pytorchipynb.py
69,D:\AgileAI\Kaggle_Notebooks\kaggle_scripts\_womens-march-mania-2022_exercise-deep-learning-from-scratch-dailyipynb.py
70,D:\AgileAI\Kaggle_Notebooks\kaggle_scripts\_nfl-health-and-safety-helmet-assignment_smc-detection-of-surface-crack-feat-cnnipynb.py
71,D:\AgileAI\Kaggle_Notebooks\kaggle_scripts\_leaf-classification_leaf-classification-ultimate-beginner-kn-and-lripynb.py
72,D:\AgileAI\Kaggle_Notebooks\kaggle_scripts\_tabular-playground-series-dec-2021_chicago-crime-nlp-classification-robertipynb.py
73,D:\AgileAI\Kaggle_Notebooks\kaggle_scripts\_g-research-crypto-forecasting_starter-kdd-cup-1999-data-bc41cfca-aipynb.py
74,D:\AgileAI\Kaggle_Notebooks\kaggle_scripts\_costa-rican-household-poverty-prediction_kernel0a06c82478ipynb.py
75,D:\AgileAI\Kaggle_Notebooks\kaggle_scripts\_jigsaw-toxic-severity-rating_gridsearchcv-models-random-forestipynb.py
76,D:\AgileAI\Kaggle_Notebooks\kaggle_scripts\_nbme-score-clinical-patient-notes_elo-rating-lazytransform-featurewiz-3-77ipynb.py
77,D:\AgileAI\Kaggle_Notebooks\kaggle_scripts\_liverpool-ion-switching_hamiltonian-solutionipynb.py
78,D:\AgileAI\Kaggle_Notebooks\kaggle_scripts\_competitive-data-science-predict-future-sales_gensim-word2vec-on-google-war-newsipynb.py
79,D:\AgileAI\Kaggle_Notebooks\kaggle_scripts\_tabular-playground-series-mar-2022_transfer-learning-efficientnetb0ipynb.py
80,D:\AgileAI\Kaggle_Notebooks\kaggle_scripts\_tabular-playground-series-jan-2022_starter-weather-conditions-in-world-97e783e4-cipynb.py
81,D:\AgileAI\Kaggle_Notebooks\kaggle_scripts\_flower-classification-with-tpus_ensembling-popular-networks-for-high-accuracyipynb.py
82,D:\AgileAI\Kaggle_Notebooks\kaggle_scripts\_dogs-vs-cats-redux-kernels-edition_dogs-vs-cats-redux-kernelsipynb.py
83,D:\AgileAI\Kaggle_Notebooks\kaggle_scripts\_image-matching-challenge-2022_predict-smoking-status-accuracy-82-6ipynb.py
84,D:\AgileAI\Kaggle_Notebooks\kaggle_scripts\_competitive-data-science-predict-future-sales_titanic-submission-01ipynb.py
85,D:\AgileAI\Kaggle_Notebooks\kaggle_scripts\_santa-2021_cat-dag-with-cnnipynb.py
86,D:\AgileAI\Kaggle_Notebooks\kaggle_scripts\_digit-recognizer_spaceship-titanic-sklearnipynb.py
87,D:\AgileAI\Kaggle_Notebooks\kaggle_scripts\_tabular-playground-series-jun-2021_xgboostipynb.py
88,D:\AgileAI\Kaggle_Notebooks\kaggle_scripts\_google-smartphone-decimeter-challenge_correcting-baseline-with-lightgbmipynb.py
89,D:\AgileAI\Kaggle_Notebooks\kaggle_scripts\_landmark-recognition-challenge_resnet50-first-attempt-for-large-datasetipynb.py
90,D:\AgileAI\Kaggle_Notebooks\kaggle_scripts\_nfl-health-and-safety-helmet-assignment_beginner-twitter-sentiment-analysisipynb.py
91,D:\AgileAI\Kaggle_Notebooks\kaggle_scripts\_plant-pathology-2020-fgvc7_plant-pathology-keras-efficientnetb4-baselineipynb.py
92,D:\AgileAI\Kaggle_Notebooks\kaggle_scripts\_foursquare-location-matching_segmentation-immovable-objectipynb.py
93,D:\AgileAI\Kaggle_Notebooks\kaggle_scripts\_nfl-health-and-safety-helmet-assignment_starter-common-password-list-8e73ba35-3ipynb.py
94,D:\AgileAI\Kaggle_Notebooks\kaggle_scripts\_tabular-playground-series-apr-2022_team-4-cnn-for-concrete-crack-imageipynb.py
95,D:\AgileAI\Kaggle_Notebooks\kaggle_scripts\_aerial-cactus-identification_kernel7e8e86686dipynb.py
96,D:\AgileAI\Kaggle_Notebooks\kaggle_scripts\_kore-2022_neural-network-modelipynb.py
97,D:\AgileAI\Kaggle_Notebooks\kaggle_scripts\_tensorflow-great-barrier-reef_fe-preprocess-ica-ensemble-dnnipynb.py
98,D:\AgileAI\Kaggle_Notebooks\kaggle_scripts\_nfl-health-and-safety-helmet-assignment_callback-to-continue-or-halt-training-f1score-95ipynb.py
99,D:\AgileAI\Kaggle_Notebooks\kaggle_scripts\_tabular-playground-series-mar-2022_beginner-twitter-sentiment-analysisipynb.py
100,D:\AgileAI\Kaggle_Notebooks\kaggle_scripts\_titanic_ps-titanicipynb.py
101,D:\AgileAI\Kaggle_Notebooks\kaggle_scripts\_tabular-playground-series-oct-2021_multiinput-tlipynb.py
102,D:\AgileAI\Kaggle_Notebooks\kaggle_scripts\_two-sigma-connect-rental-listing-inquiries_two-rental-p-2-random-forestipynb.py
103,D:\AgileAI\Kaggle_Notebooks\kaggle_scripts\_cdiscount-image-classification-challenge_reading-tfrecordipynb.py
104,D:\AgileAI\Kaggle_Notebooks\kaggle_scripts\_cat-in-the-dat_knneighbors-private-vs-public-universitiesipynb.py
105,D:\AgileAI\Kaggle_Notebooks\kaggle_scripts\_us-patent-phrase-to-phrase-matching_neural-network-modelipynb.py
106,D:\AgileAI\Kaggle_Notebooks\kaggle_scripts\_feedback-prize-2021_sentence-classificationipynb.py
107,D:\AgileAI\Kaggle_Notebooks\kaggle_scripts\_tabular-playground-series-sep-2021_notebook80707083bfipynb.py
108,D:\AgileAI\Kaggle_Notebooks\kaggle_scripts\_jpx-tokyo-stock-exchange-prediction_simple-spaceship-titanic-classification-79ipynb.py
109,D:\AgileAI\Kaggle_Notebooks\kaggle_scripts\_google-cloud-ncaa-march-madness-2020-division-1-mens-tournament_march-madness-eda-baseline-lgb-xgb-etcipynb.py
110,D:\AgileAI\Kaggle_Notebooks\kaggle_scripts\_happy-whale-and-dolphin_tabularplaygroundmay2022-edaipynb.py
111,D:\AgileAI\Kaggle_Notebooks\kaggle_scripts\_phase-ii-widsdatathon2022_let-s-make-simple-nn-with-pytorchipynb.py
112,D:\AgileAI\Kaggle_Notebooks\kaggle_scripts\_kaggle-survey-2021_mushroom-classificationipynb.py
113,D:\AgileAI\Kaggle_Notebooks\kaggle_scripts\_nlp-getting-started_xor-tf2ipynb.py
114,D:\AgileAI\Kaggle_Notebooks\kaggle_scripts\_happy-whale-and-dolphin_breast-cancer-detection-vgg16-modelipynb.py
115,D:\AgileAI\Kaggle_Notebooks\kaggle_scripts\_histopathologic-cancer-detection_histopathologic-cancer-detection-using-cnnsipynb.py
116,D:\AgileAI\Kaggle_Notebooks\kaggle_scripts\_tabular-playground-series-dec-2021_starter-zoo-animal-classification-a530e8a2-7ipynb.py
117,D:\AgileAI\Kaggle_Notebooks\kaggle_scripts\_phase-ii-widsdatathon2022_whichbook-2nd-place-solutionipynb.py
118,D:\AgileAI\Kaggle_Notebooks\kaggle_scripts\_tabular-playground-series-oct-2021_svmexampleipynb.py
119,D:\AgileAI\Kaggle_Notebooks\kaggle_scripts\_jpx-tokyo-stock-exchange-prediction_callback-to-continue-or-halt-training-f1score-95ipynb.py
120,D:\AgileAI\Kaggle_Notebooks\kaggle_scripts\_rsna-miccai-brain-tumor-radiogenomic-classification_resnet50ipynb.py
121,D:\AgileAI\Kaggle_Notebooks\kaggle_scripts\_feedback-prize-2021_projet-tipe-classification-des-d-chets-resnetipynb.py
122,D:\AgileAI\Kaggle_Notebooks\kaggle_scripts\_spaceship-titanic_spaceship-titanic-classifaication-modelingipynb.py
123,D:\AgileAI\Kaggle_Notebooks\kaggle_scripts\_talkingdata-mobile-user-demographics_notebook148ee2d52eipynb.py
124,D:\AgileAI\Kaggle_Notebooks\kaggle_scripts\_ventilator-pressure-prediction_ev-modelipynb.py
125,D:\AgileAI\Kaggle_Notebooks\kaggle_scripts\_phase-ii-widsdatathon2022_cat-dag-with-cnnipynb.py
126,D:\AgileAI\Kaggle_Notebooks\kaggle_scripts\_sorghum-id-fgvc-9_digit-recognizer-top-2ipynb.py
127,D:\AgileAI\Kaggle_Notebooks\kaggle_scripts\_tabular-playground-series-mar-2022_lending-club-loan-approval-classificationipynb.py
128,D:\AgileAI\Kaggle_Notebooks\kaggle_scripts\_competitive-data-science-predict-future-sales_starter-v2-plant-seedlings-dataset-3f63c1b8-9ipynb.py
129,D:\AgileAI\Kaggle_Notebooks\kaggle_scripts\_tabular-playground-series-feb-2022_used-car-price-modellingipynb.py
130,D:\AgileAI\Kaggle_Notebooks\kaggle_scripts\_landmark-recognition-2019_hr-analytics-k-meansipynb.py
131,D:\AgileAI\Kaggle_Notebooks\kaggle_scripts\_humpback-whale-identification_keras-cnn-v1ipynb.py
132,D:\AgileAI\Kaggle_Notebooks\kaggle_scripts\_ubiquant-market-prediction_imdb-glove-multimeadattention-lstm-implementationipynb.py
133,D:\AgileAI\Kaggle_Notebooks\kaggle_scripts\_iwildcam2022-fgvc9_eda-prediction-with-7-modelsipynb.py
134,D:\AgileAI\Kaggle_Notebooks\kaggle_scripts\_nbme-score-clinical-patient-notes_finalipynb.py
135,D:\AgileAI\Kaggle_Notebooks\kaggle_scripts\_birdclef-2022_binary-text-classification-amazon-reviews-84-lstmipynb.py
136,D:\AgileAI\Kaggle_Notebooks\kaggle_scripts\_tabular-playground-series-nov-2021_digit-recognition-contestipynb.py
137,D:\AgileAI\Kaggle_Notebooks\kaggle_scripts\_tabular-playground-series-feb-2022_tabular-series-mayipynb.py
138,D:\AgileAI\Kaggle_Notebooks\kaggle_scripts\_wikipedia-image-caption_spaceship-prediction-edaipynb.py
139,D:\AgileAI\Kaggle_Notebooks\kaggle_scripts\_gendered-pronoun-resolution_kernel55afed7533ipynb.py
140,D:\AgileAI\Kaggle_Notebooks\kaggle_scripts\_smartphone-decimeter-2022_gradient-descent-implementation-for-olsipynb.py
141,D:\AgileAI\Kaggle_Notebooks\kaggle_scripts\_lish-moa_team-7ipynb.py
142,D:\AgileAI\Kaggle_Notebooks\kaggle_scripts\_microsoft-malware-prediction_logistic-regression-with-sparse-matrixpy.py
143,D:\AgileAI\Kaggle_Notebooks\kaggle_scripts\_nfl-big-data-bowl-2022_multinomial-classification-on-iris-datasetipynb.py
144,D:\AgileAI\Kaggle_Notebooks\kaggle_scripts\_humpback-whale-identification_pytorch-batch-hard-mining-whale-hump-backipynb.py
145,D:\AgileAI\Kaggle_Notebooks\kaggle_scripts\_geolifeclef-2022-lifeclef-2022-fgvc9_energy-anomaly-detectionipynb.py
146,D:\AgileAI\Kaggle_Notebooks\kaggle_scripts\_tabular-playground-series-nov-2021_svmexampleipynb.py
147,D:\AgileAI\Kaggle_Notebooks\kaggle_scripts\_womens-march-mania-2022_regression-algorithms-comparedipynb.py
148,D:\AgileAI\Kaggle_Notebooks\kaggle_scripts\_google-cloud-ncaa-march-madness-2020-division-1-mens-tournament_mm-2020-ncaam-lgb-xgb-logreg-tuning-mergingipynb.py
149,D:\AgileAI\Kaggle_Notebooks\kaggle_scripts\_digit-recognizer_disney-tv-eda-cosine-similirityipynb.py
150,D:\AgileAI\Kaggle_Notebooks\kaggle_scripts\_home-credit-default-risk_cse499-tahmid-nnipynb.py
151,D:\AgileAI\Kaggle_Notebooks\kaggle_scripts\_womens-march-mania-2022_tps-may-pytorch-with-gpuipynb.py
152,D:\AgileAI\Kaggle_Notebooks\kaggle_scripts\_wikipedia-image-caption_gridsearchcv-models-random-forestipynb.py
153,D:\AgileAI\Kaggle_Notebooks\kaggle_scripts\_tgs-salt-identification-challenge_tgs-salt-identification-challenge-explore-dataipynb.py
154,D:\AgileAI\Kaggle_Notebooks\kaggle_scripts\_foursquare-location-matching_monocular-depth-estimationipynb.py
155,D:\AgileAI\Kaggle_Notebooks\kaggle_scripts\_connectx_neurowolfipynb.py
156,D:\AgileAI\Kaggle_Notebooks\kaggle_scripts\_titanic_bangalore-house-price-predictionipynb.py
157,D:\AgileAI\Kaggle_Notebooks\kaggle_scripts\_uw-madison-gi-tract-image-segmentation_uci-heart-disease-eda-modellingipynb.py
158,D:\AgileAI\Kaggle_Notebooks\kaggle_scripts\_foursquare-location-matching_medical-cost-linear-regressionipynb.py
159,D:\AgileAI\Kaggle_Notebooks\kaggle_scripts\_smartphone-decimeter-2022_cat-dag-with-cnnipynb.py
160,D:\AgileAI\Kaggle_Notebooks\kaggle_scripts\_nlp-getting-started_tf-idfipynb.py
161,D:\AgileAI\Kaggle_Notebooks\kaggle_scripts\_titanic_xor-tf2ipynb.py
162,D:\AgileAI\Kaggle_Notebooks\kaggle_scripts\_house-prices-advanced-regression-techniques_fake-news-detection-with-basic-visualizationipynb.py
163,D:\AgileAI\Kaggle_Notebooks\kaggle_scripts\_herbarium-2022-fgvc9_starter-new-york-city-airbnb-open-data-c2d26609-aipynb.py
164,D:\AgileAI\Kaggle_Notebooks\kaggle_scripts\_optiver-realized-volatility-prediction_starter-ip-network-traffic-flows-40d90008-cipynb.py
165,D:\AgileAI\Kaggle_Notebooks\kaggle_scripts\_bigquery-geotab-intersection-congestion_sdml-branch-baseline-feature-engineering-geotabipynb.py
166,D:\AgileAI\Kaggle_Notebooks\kaggle_scripts\_g-research-crypto-forecasting_random-forests-dailyipynb.py
167,D:\AgileAI\Kaggle_Notebooks\kaggle_scripts\_feedback-prize-2021_starter-admission-3680fccc-4ipynb.py
168,D:\AgileAI\Kaggle_Notebooks\kaggle_scripts\_tpu-getting-started_keras-nnpy.py
169,D:\AgileAI\Kaggle_Notebooks\kaggle_scripts\_jigsaw-toxic-comment-classification-challenge_toxic-comment-classification-nlpipynb.py
170,D:\AgileAI\Kaggle_Notebooks\kaggle_scripts\_image-matching-challenge-2022_intel-image-classification-detailedipynb.py
171,D:\AgileAI\Kaggle_Notebooks\kaggle_scripts\_g2net-gravitational-wave-detection_g2net-modified-smart-ensemblingipynb.py
172,D:\AgileAI\Kaggle_Notebooks\kaggle_scripts\_tabular-playground-series-jan-2021_kaggle-day-02-kaggle-playground-1ipynb.py
173,D:\AgileAI\Kaggle_Notebooks\kaggle_scripts\_g-research-crypto-forecasting_support-vector-machineipynb.py
174,D:\AgileAI\Kaggle_Notebooks\kaggle_scripts\_imaterialist-fashion-2019-FGVC6_training-mask-r-cnnipynb.py
175,D:\AgileAI\Kaggle_Notebooks\kaggle_scripts\_rsna-intracranial-hemorrhage-detection_stroke-resnet18-binary-classificationipynb.py
176,D:\AgileAI\Kaggle_Notebooks\kaggle_scripts\_nlp-getting-started_visualize-internal-splitipynb.py
177,D:\AgileAI\Kaggle_Notebooks\kaggle_scripts\_gan-getting-started_raisin-svm-classificationipynb.py
178,D:\AgileAI\Kaggle_Notebooks\kaggle_scripts\_spooky-author-identification_kor-spooky-nlp-and-topic-modelling-tutorialipynb.py
179,D:\AgileAI\Kaggle_Notebooks\kaggle_scripts\_humpback-whale-identification_submissoin-finalipynb.py
180,D:\AgileAI\Kaggle_Notebooks\kaggle_scripts\_competitive-data-science-predict-future-sales_plant-disease-identifier-v3ipynb.py
181,D:\AgileAI\Kaggle_Notebooks\kaggle_scripts\_lux-ai-2021_u-s-pppm-simple-ensemble-baselineipynb.py
182,D:\AgileAI\Kaggle_Notebooks\kaggle_scripts\_lux-ai-2021_tpsmay22-auc-ensemblingipynb.py
183,D:\AgileAI\Kaggle_Notebooks\kaggle_scripts\_phase-ii-widsdatathon2022_heart-disease-prediction-87ipynb.py
184,D:\AgileAI\Kaggle_Notebooks\kaggle_scripts\_h-and-m-personalized-fashion-recommendations_coffee-price-predictions-sarimaxipynb.py
185,D:\AgileAI\Kaggle_Notebooks\kaggle_scripts\_santander-value-prediction-challenge_practiceipynb.py
186,D:\AgileAI\Kaggle_Notebooks\kaggle_scripts\_tabular-playground-series-sep-2021_one-model-catboost-votingipynb.py
187,D:\AgileAI\Kaggle_Notebooks\kaggle_scripts\_competitive-data-science-predict-future-sales_digit-recognition-contestipynb.py
188,D:\AgileAI\Kaggle_Notebooks\kaggle_scripts\_m5-forecasting-accuracy_02-make-featuresipynb.py
189,D:\AgileAI\Kaggle_Notebooks\kaggle_scripts\_prudential-life-insurance-assessment_classification-with-model-interpretationipynb.py
190,D:\AgileAI\Kaggle_Notebooks\kaggle_scripts\_happy-whale-and-dolphin_uwmgi-transunet-2-5d-train-tfipynb.py
191,D:\AgileAI\Kaggle_Notebooks\kaggle_scripts\_nbme-score-clinical-patient-notes_anadoluhayat-adaptivesamplingipynb.py
192,D:\AgileAI\Kaggle_Notebooks\kaggle_scripts\_birdclef-2022_tpsmay22-auc-ensemblingipynb.py
193,D:\AgileAI\Kaggle_Notebooks\kaggle_scripts\_Kannada-MNIST_kannada-mnist-classificationipynb.py
194,D:\AgileAI\Kaggle_Notebooks\kaggle_scripts\_forest-cover-type-prediction_ee5180-fctipynb.py
195,D:\AgileAI\Kaggle_Notebooks\kaggle_scripts\_tabular-playground-series-apr-2022_uci-heart-disease-eda-modellingipynb.py
196,D:\AgileAI\Kaggle_Notebooks\kaggle_scripts\_g2net-gravitational-wave-detection_using-preprocessed-bandfilter-tfrecords-with-allipynb.py
197,D:\AgileAI\Kaggle_Notebooks\kaggle_scripts\_lux-ai-2021_forked-lightgbm-msft-malware-predictorpy.py
198,D:\AgileAI\Kaggle_Notebooks\kaggle_scripts\_histopathologic-cancer-detection_cspb3202-hw5-histopathologic-cancer-testmhendersonipynb.py
199,D:\AgileAI\Kaggle_Notebooks\kaggle_scripts\_tabular-playground-series-mar-2022_lstm-sae-variable-node-ae1-445-ae2-359ipynb.py
200,D:\AgileAI\Kaggle_Notebooks\kaggle_scripts\_tabular-playground-series-mar-2022_ml-sales-projectipynb.py
201,D:\AgileAI\Kaggle_Notebooks\kaggle_scripts\_kkbox-churn-prediction-challenge_lightgbm-using-scala-label-201703ipynb.py
202,D:\AgileAI\Kaggle_Notebooks\kaggle_scripts\_lux-ai-2021_fastttext-sorting-with-cosine-distance-algoipynb.py
203,D:\AgileAI\Kaggle_Notebooks\kaggle_scripts\_womens-march-mania-2022_ciencias-de-datos-tarea-2ipynb.py
204,D:\AgileAI\Kaggle_Notebooks\kaggle_scripts\_imet-2019-fgvc6_training-fold-0-ibnresnext101-lovasz-focalipynb.py
205,D:\AgileAI\Kaggle_Notebooks\kaggle_scripts\_tpu-getting-started_titanic-eda-02-14-2022ipynb.py
206,D:\AgileAI\Kaggle_Notebooks\kaggle_scripts\_jpx-tokyo-stock-exchange-prediction_binary-lgb-baseline-0-834ipynb.py
207,D:\AgileAI\Kaggle_Notebooks\kaggle_scripts\_chaii-hindi-and-tamil-question-answering_moroccan-car-price-predictionipynb.py
208,D:\AgileAI\Kaggle_Notebooks\kaggle_scripts\_tabular-playground-series-jan-2022_gensim-word2vec-on-google-war-newsipynb.py
209,D:\AgileAI\Kaggle_Notebooks\kaggle_scripts\_m5-forecasting-accuracy_m5-accuracy-youjungkooipynb.py
210,D:\AgileAI\Kaggle_Notebooks\kaggle_scripts\_tabular-playground-series-feb-2022_beginner-twitter-sentiment-analysisipynb.py
211,D:\AgileAI\Kaggle_Notebooks\kaggle_scripts\_kaggle-survey-2021_eda-prediction-with-7-modelsipynb.py
212,D:\AgileAI\Kaggle_Notebooks\kaggle_scripts\_uw-madison-gi-tract-image-segmentation_starter-v2-plant-seedlings-dataset-3f63c1b8-9ipynb.py
213,D:\AgileAI\Kaggle_Notebooks\kaggle_scripts\_acea-water-prediction_time-series-analysis-and-forecastingipynb.py
214,D:\AgileAI\Kaggle_Notebooks\kaggle_scripts\_g-research-crypto-forecasting_image-classification1ipynb.py
215,D:\AgileAI\Kaggle_Notebooks\kaggle_scripts\_tabular-playground-series-nov-2021_digit-recognisor-nnipynb.py
216,D:\AgileAI\Kaggle_Notebooks\kaggle_scripts\_restaurant-revenue-prediction_restaurant-revenue-prediction-w-random-forestipynb.py
217,D:\AgileAI\Kaggle_Notebooks\kaggle_scripts\_bluebook-for-bulldozers_randomforestregressoripynb.py
218,D:\AgileAI\Kaggle_Notebooks\kaggle_scripts\_sartorius-cell-instance-segmentation_exercise-deep-learning-from-scratch-dailyipynb.py
219,D:\AgileAI\Kaggle_Notebooks\kaggle_scripts\_gendered-pronoun-resolution_3-a-better-baselineipynb.py
220,D:\AgileAI\Kaggle_Notebooks\kaggle_scripts\_dog-breed-identification_dog-breed-identification-using-inceptionv3ipynb.py
221,D:\AgileAI\Kaggle_Notebooks\kaggle_scripts\_connectx_gradient-descent-implementation-for-olsipynb.py
222,D:\AgileAI\Kaggle_Notebooks\kaggle_scripts\_optiver-realized-volatility-prediction_core-fa19-regressionipynb.py
223,D:\AgileAI\Kaggle_Notebooks\kaggle_scripts\_tabular-playground-series-nov-2021_tabularplaygroundmay2022-edaipynb.py
224,D:\AgileAI\Kaggle_Notebooks\kaggle_scripts\_jigsaw-toxic-severity-rating_baselineipynb.py
225,D:\AgileAI\Kaggle_Notebooks\kaggle_scripts\_digit-recognizer_inceptionv3-for-retinopathy-gpu-hripynb.py
226,D:\AgileAI\Kaggle_Notebooks\kaggle_scripts\_birdclef-2022_rnn-bi-lstm-using-keras-for-gsdc-22-starteripynb.py
227,D:\AgileAI\Kaggle_Notebooks\kaggle_scripts\_ventilator-pressure-prediction_mobile-price-eda-guide-to-using-optuna-with-svcipynb.py
228,D:\AgileAI\Kaggle_Notebooks\kaggle_scripts\_loan-default-prediction_loan-default-prediction-newipynb.py
229,D:\AgileAI\Kaggle_Notebooks\kaggle_scripts\_jpx-tokyo-stock-exchange-prediction_starter-video-game-sales-fd6a70aa-3ipynb.py
230,D:\AgileAI\Kaggle_Notebooks\kaggle_scripts\_g-research-crypto-forecasting_lgbm-ts-cv-negative-correlation-eval-metricipynb.py
231,D:\AgileAI\Kaggle_Notebooks\kaggle_scripts\_humpback-whale-identification_for-beginner-kerasipynb.py
232,D:\AgileAI\Kaggle_Notebooks\kaggle_scripts\_image-matching-challenge-2022_tp-ciencia-datos-v2ipynb.py
233,D:\AgileAI\Kaggle_Notebooks\kaggle_scripts\_nfl-health-and-safety-helmet-assignment_fertilizer-type-predictionipynb.py
234,D:\AgileAI\Kaggle_Notebooks\kaggle_scripts\_tabular-playground-series-apr-2022_ml-sales-projectipynb.py
235,D:\AgileAI\Kaggle_Notebooks\kaggle_scripts\_AI4Code_ensamble-learningipynb.py
236,D:\AgileAI\Kaggle_Notebooks\kaggle_scripts\_nfl-health-and-safety-helmet-assignment_starter-ip-network-traffic-flows-40d90008-cipynb.py
237,D:\AgileAI\Kaggle_Notebooks\kaggle_scripts\_nfl-health-and-safety-helmet-assignment_facial-emotion-recognition-cnnipynb.py
238,D:\AgileAI\Kaggle_Notebooks\kaggle_scripts\_stanford-covid-vaccine_openvaccineipynb.py
239,D:\AgileAI\Kaggle_Notebooks\kaggle_scripts\_contradictory-my-dear-watson_mean-median-feature-engineering-house-priceipynb.py
240,D:\AgileAI\Kaggle_Notebooks\kaggle_scripts\_ubiquant-market-prediction_starter-breast-cancer-predictionipynb.py
241,D:\AgileAI\Kaggle_Notebooks\kaggle_scripts\_iwildcam2022-fgvc9_zathura-projectipynb.py
242,D:\AgileAI\Kaggle_Notebooks\kaggle_scripts\_g-research-crypto-forecasting_start-notebipynb.py
243,D:\AgileAI\Kaggle_Notebooks\kaggle_scripts\_contradictory-my-dear-watson_starter-plastic-recycling-codesipynb.py
244,D:\AgileAI\Kaggle_Notebooks\kaggle_scripts\_data-science-for-good-careervillage_autoencoder-recommendation-systemipynb.py
245,D:\AgileAI\Kaggle_Notebooks\kaggle_scripts\_chaii-hindi-and-tamil-question-answering_soccer-s-team-prediction-count-yolov5ipynb.py
246,D:\AgileAI\Kaggle_Notebooks\kaggle_scripts\_tabular-playground-series-may-2022_5-classes-classification-amazon-reviews-42-cnnipynb.py
247,D:\AgileAI\Kaggle_Notebooks\kaggle_scripts\_happy-whale-and-dolphin_convmixer-detectionipynb.py
248,D:\AgileAI\Kaggle_Notebooks\kaggle_scripts\_titanic_logo-detection-using-xception-flickr27ipynb.py
249,D:\AgileAI\Kaggle_Notebooks\kaggle_scripts\_jane-street-market-prediction_nn-model-for-jane-streetipynb.py
250,D:\AgileAI\Kaggle_Notebooks\kaggle_scripts\_h-and-m-personalized-fashion-recommendations_team-4-cnn-for-concrete-crack-imageipynb.py
251,D:\AgileAI\Kaggle_Notebooks\kaggle_scripts\_mens-march-mania-2022_starter-european-soccer-database-5bfba1ad-dipynb.py
252,D:\AgileAI\Kaggle_Notebooks\kaggle_scripts\_tabular-playground-series-may-2022_cool-ggplot-plotnineipynb.py
253,D:\AgileAI\Kaggle_Notebooks\kaggle_scripts\_tabular-playground-series-dec-2021_starter-a-z-handwritten-alphabets-in-86e67bc1-2ipynb.py
254,D:\AgileAI\Kaggle_Notebooks\kaggle_scripts\_happy-whale-and-dolphin_titanic-edaipynb.py
255,D:\AgileAI\Kaggle_Notebooks\kaggle_scripts\_PLAsTiCC-2018_forked-dart-w-ideas-from-kernels-and-discusspy.py
256,D:\AgileAI\Kaggle_Notebooks\kaggle_scripts\_nfl-health-and-safety-helmet-assignment_image-classification1ipynb.py
257,D:\AgileAI\Kaggle_Notebooks\kaggle_scripts\_uw-madison-gi-tract-image-segmentation_simple-spaceship-titanic-classification-79ipynb.py
258,D:\AgileAI\Kaggle_Notebooks\kaggle_scripts\_spaceship-titanic_nlp-ml-emotion-classificationipynb.py
259,D:\AgileAI\Kaggle_Notebooks\kaggle_scripts\_avito-demand-prediction_region-and-city-details-with-lat-lon-and-clustersipynb.py
260,D:\AgileAI\Kaggle_Notebooks\kaggle_scripts\_lyft-motion-prediction-autonomous-vehicles_understanding-agent-and-ego-datasetipynb.py
261,D:\AgileAI\Kaggle_Notebooks\kaggle_scripts\_sartorius-cell-instance-segmentation_uspppm-starter-notebook-using-jaxipynb.py
262,D:\AgileAI\Kaggle_Notebooks\kaggle_scripts\_tensorflow-great-barrier-reef_digit-recognizer-solutionipynb.py
263,D:\AgileAI\Kaggle_Notebooks\kaggle_scripts\_facial-keypoints-detection_facial-keypoints-detection-keras-albumentationsipynb.py
264,D:\AgileAI\Kaggle_Notebooks\kaggle_scripts\_tabular-playground-series-may-2022_uwmgtis-keras-train-03ipynb.py
265,D:\AgileAI\Kaggle_Notebooks\kaggle_scripts\_nbme-score-clinical-patient-notes_nlp-document-retrieval-for-question-answeringipynb.py
266,D:\AgileAI\Kaggle_Notebooks\kaggle_scripts\_chaii-hindi-and-tamil-question-answering_object-recognition-yolov5-coco-datasetipynb.py
267,D:\AgileAI\Kaggle_Notebooks\kaggle_scripts\_optiver-realized-volatility-prediction_kaggle-notebooks-analysisipynb.py
268,D:\AgileAI\Kaggle_Notebooks\kaggle_scripts\_birdclef-2022_spaceshiptitanic-eda-tabtransformer-tensorflowipynb.py
269,D:\AgileAI\Kaggle_Notebooks\kaggle_scripts\_uw-madison-gi-tract-image-segmentation_ai4code-distilbert-inference-777ipynb.py
270,D:\AgileAI\Kaggle_Notebooks\kaggle_scripts\_deepfake-detection-challenge_deepfake-pytorch-trainipynb.py
271,D:\AgileAI\Kaggle_Notebooks\kaggle_scripts\_kaggle-survey-2021_ford-car-price-prediction-year-data-type-effectipynb.py
272,D:\AgileAI\Kaggle_Notebooks\kaggle_scripts\_freesound-audio-tagging-2019_new-approach-wavelet-packet-decomposition-in-mlipynb.py
273,D:\AgileAI\Kaggle_Notebooks\kaggle_scripts\_wikipedia-image-caption_2d-image-matching-with-quadtreeattentionipynb.py
274,D:\AgileAI\Kaggle_Notebooks\kaggle_scripts\_happy-whale-and-dolphin_lighting-on-whales-n1ipynb.py
275,D:\AgileAI\Kaggle_Notebooks\kaggle_scripts\_tabular-playground-series-mar-2022_forked-lightgbm-msft-malware-predictorpy.py
276,D:\AgileAI\Kaggle_Notebooks\kaggle_scripts\_new-york-city-taxi-fare-prediction_nyc-randomforestipynb.py
277,D:\AgileAI\Kaggle_Notebooks\kaggle_scripts\_kore-2022-beta_alice-open-ml-course-baseline-3-withcvipynb.py
278,D:\AgileAI\Kaggle_Notebooks\kaggle_scripts\_tabular-playground-series-oct-2021_20063111-1576123154ipynb.py
279,D:\AgileAI\Kaggle_Notebooks\kaggle_scripts\_g-research-crypto-forecasting_recall-97-by-using-undersampling-neural-networkipynb.py
280,D:\AgileAI\Kaggle_Notebooks\kaggle_scripts\_nyc-taxi-trip-duration_nyc-taxi-trip-public-0-37399-private-0-37206ipynb.py
281,D:\AgileAI\Kaggle_Notebooks\kaggle_scripts\_sorghum-id-fgvc-9_sorghum-100-training-pipelineipynb.py
282,D:\AgileAI\Kaggle_Notebooks\kaggle_scripts\_gan-getting-started_gan-monetipynb.py
283,D:\AgileAI\Kaggle_Notebooks\kaggle_scripts\_kore-2022-beta_titanic-firstnotebookipynb.py
284,D:\AgileAI\Kaggle_Notebooks\kaggle_scripts\_AI4Code_house-pricing-feature-engineeringipynb.py
285,D:\AgileAI\Kaggle_Notebooks\kaggle_scripts\_womens-march-mania-2022_train-oversampled-data-rain-sat-wind-1-hour-aheadipynb.py
286,D:\AgileAI\Kaggle_Notebooks\kaggle_scripts\_image-matching-challenge-2022_catboost-timeseries-validationipynb.py
287,D:\AgileAI\Kaggle_Notebooks\kaggle_scripts\_smartphone-decimeter-2022_fixmatchipynb.py
288,D:\AgileAI\Kaggle_Notebooks\kaggle_scripts\_mens-march-mania-2022_march-machine-learning-mania-2022-men-sipynb.py
289,D:\AgileAI\Kaggle_Notebooks\kaggle_scripts\_bluebook-for-bulldozers_bulldozer-price-predictionipynb.py
290,D:\AgileAI\Kaggle_Notebooks\kaggle_scripts\_ventilator-pressure-prediction_basicdiabetespredictionipynb.py
291,D:\AgileAI\Kaggle_Notebooks\kaggle_scripts\_tabular-playground-series-oct-2021_outsider-project1ipynb.py
292,D:\AgileAI\Kaggle_Notebooks\kaggle_scripts\_jpx-tokyo-stock-exchange-prediction_training-data-for-binary-lgb-baseline-0-834ipynb.py
293,D:\AgileAI\Kaggle_Notebooks\kaggle_scripts\_phase-ii-widsdatathon2022_oximeter-images-with-korniaipynb.py
294,D:\AgileAI\Kaggle_Notebooks\kaggle_scripts\_gan-getting-started_monet2photo-cycle2gan-on-tpu-v2ipynb.py
295,D:\AgileAI\Kaggle_Notebooks\kaggle_scripts\_phase-ii-widsdatathon2022_coffee-price-predictions-sarimaxipynb.py
296,D:\AgileAI\Kaggle_Notebooks\kaggle_scripts\_sartorius-cell-instance-segmentation_multiclass-text-classificationipynb.py
297,D:\AgileAI\Kaggle_Notebooks\kaggle_scripts\_contradictory-my-dear-watson_lstm-deep-learning-future-sales-predectionipynb.py
298,D:\AgileAI\Kaggle_Notebooks\kaggle_scripts\_ventilator-pressure-prediction_fixmatchipynb.py
299,D:\AgileAI\Kaggle_Notebooks\kaggle_scripts\_ventilator-pressure-prediction_titanic-problem-solutionipynb.py
300,D:\AgileAI\Kaggle_Notebooks\kaggle_scripts\_competitive-data-science-predict-future-sales_zathura-projectipynb.py
301,D:\AgileAI\Kaggle_Notebooks\kaggle_scripts\_tensorflow-great-barrier-reef_flipkart-laptops-notebookipynb.py
302,D:\AgileAI\Kaggle_Notebooks\kaggle_scripts\_foursquare-location-matching_students-performance-in-examsipynb.py
303,D:\AgileAI\Kaggle_Notebooks\kaggle_scripts\_feedback-prize-2021_tensorflow-transfer-learningipynb.py
304,D:\AgileAI\Kaggle_Notebooks\kaggle_scripts\_connectx_finger-print-alexnet-v1ipynb.py
305,D:\AgileAI\Kaggle_Notebooks\kaggle_scripts\_us-patent-phrase-to-phrase-matching_part-2-data-preparation-eda-and-model-buildingipynb.py
306,D:\AgileAI\Kaggle_Notebooks\kaggle_scripts\_AI4Code_dmai-cw-2ipynb.py
307,D:\AgileAI\Kaggle_Notebooks\kaggle_scripts\_tabular-playground-series-feb-2022_pytorch-pretrained-fasterrcnnipynb.py
308,D:\AgileAI\Kaggle_Notebooks\kaggle_scripts\_digit-recognizer_pinn1ipynb.py
309,D:\AgileAI\Kaggle_Notebooks\kaggle_scripts\_jigsaw-toxic-severity-rating_jigsaw-jeremy-howard-s-nb-0-79744-privateipynb.py
310,D:\AgileAI\Kaggle_Notebooks\kaggle_scripts\_tabular-playground-series-jul-2021_try-different-models-beginner-approachipynb.py
311,D:\AgileAI\Kaggle_Notebooks\kaggle_scripts\_ventilator-pressure-prediction_creating-new-features-with-kmeansipynb.py
312,D:\AgileAI\Kaggle_Notebooks\kaggle_scripts\_connectx_tps-may-eda-and-feature-enigneering-learning-notesipynb.py
313,D:\AgileAI\Kaggle_Notebooks\kaggle_scripts\_tabular-playground-series-feb-2022_tabular-playground-series-feb-2022ipynb.py
314,D:\AgileAI\Kaggle_Notebooks\kaggle_scripts\_LANL-Earthquake-Prediction_tunning-bayes-search-catmodelipynb.py
315,D:\AgileAI\Kaggle_Notebooks\kaggle_scripts\_freesound-audio-tagging-2019_beginner-s-guide-to-audio-data-2ipynb.py
316,D:\AgileAI\Kaggle_Notebooks\kaggle_scripts\_ventilator-pressure-prediction_date-classification-svc-knn-rfc-gbc-lr-acc-95ipynb.py
317,D:\AgileAI\Kaggle_Notebooks\kaggle_scripts\_digit-recognizer_smart-home-s-temperature-evalmlipynb.py
318,D:\AgileAI\Kaggle_Notebooks\kaggle_scripts\_image-matching-challenge-2022_mgd-datapreprocessing-for-gpuipynb.py
319,D:\AgileAI\Kaggle_Notebooks\kaggle_scripts\_optiver-realized-volatility-prediction_fashion-mnist-with-cnnipynb.py
320,D:\AgileAI\Kaggle_Notebooks\kaggle_scripts\_leaf-classification_model-1ipynb.py
321,D:\AgileAI\Kaggle_Notebooks\kaggle_scripts\_AI4Code_1-aviachipta-narxini-baholashipynb.py
322,D:\AgileAI\Kaggle_Notebooks\kaggle_scripts\_tabular-playground-series-dec-2021_simpsons-classification-using-pytorch-guidelinesipynb.py
323,D:\AgileAI\Kaggle_Notebooks\kaggle_scripts\_tabular-playground-series-apr-2022_lstm-sae-variable-node-ae1-445-ae2-359ipynb.py
324,D:\AgileAI\Kaggle_Notebooks\kaggle_scripts\_bms-molecular-translation_bms-mt-simple-tree-based-bucket-response-modelipynb.py
325,D:\AgileAI\Kaggle_Notebooks\kaggle_scripts\_titanic_ai4code-deberta-inferenceipynb.py
326,D:\AgileAI\Kaggle_Notebooks\kaggle_scripts\_crowdflower-search-relevance_try-another-benchmarkpy.py
327,D:\AgileAI\Kaggle_Notebooks\kaggle_scripts\_sorghum-id-fgvc-9_war-data-cleaningipynb.py
328,D:\AgileAI\Kaggle_Notebooks\kaggle_scripts\_tabular-playground-series-mar-2022_data-analysisipynb.py
329,D:\AgileAI\Kaggle_Notebooks\kaggle_scripts\_DontGetKicked_notebook06be79445fipynb.py
330,D:\AgileAI\Kaggle_Notebooks\kaggle_scripts\_g-research-crypto-forecasting_time-series-modeling-guide-with-cv-and-optunaipynb.py
331,D:\AgileAI\Kaggle_Notebooks\kaggle_scripts\_ventilator-pressure-prediction_breathe-in-the-air-custom-callback-validationipynb.py
332,D:\AgileAI\Kaggle_Notebooks\kaggle_scripts\_ubiquant-market-prediction_heart-disease-logistic-regression-easyipynb.py
333,D:\AgileAI\Kaggle_Notebooks\kaggle_scripts\_connectx_multilabel-multiclass-dnn-prediction-v2ipynb.py
334,D:\AgileAI\Kaggle_Notebooks\kaggle_scripts\_g-research-crypto-forecasting_rnn-bi-lstm-using-keras-for-gsdc-22-starteripynb.py
335,D:\AgileAI\Kaggle_Notebooks\kaggle_scripts\_planet-understanding-the-amazon-from-space_keras-resnet50-with-batch-generatorpy.py
336,D:\AgileAI\Kaggle_Notebooks\kaggle_scripts\_store-sales-time-series-forecasting_train-oversampled-data-rain-only-1-hour-aheadipynb.py
337,D:\AgileAI\Kaggle_Notebooks\kaggle_scripts\_galaxy-zoo-the-galaxy-challenge_galaxy-convnetipynb.py
338,D:\AgileAI\Kaggle_Notebooks\kaggle_scripts\_image-matching-challenge-2022_starter-plastic-recycling-codesipynb.py
339,D:\AgileAI\Kaggle_Notebooks\kaggle_scripts\_kaggle-survey-2021_stroke-data-analysis-and-predictionipynb.py
340,D:\AgileAI\Kaggle_Notebooks\kaggle_scripts\_spaceship-titanic_spaceship-titanic-lightautoml-predictionipynb.py
341,D:\AgileAI\Kaggle_Notebooks\kaggle_scripts\_tabular-playground-series-feb-2022_uwmgit-mmsegmentation-end-to-end-submissionipynb.py
342,D:\AgileAI\Kaggle_Notebooks\kaggle_scripts\_siim-isic-melanoma-classification_melanoma-pytorch-expipynb.py
343,D:\AgileAI\Kaggle_Notebooks\kaggle_scripts\_iwildcam2022-fgvc9_playround-series-may-2022ipynb.py
344,D:\AgileAI\Kaggle_Notebooks\kaggle_scripts\_sorghum-id-fgvc-9_pytorch-pretrained-fasterrcnnipynb.py
345,D:\AgileAI\Kaggle_Notebooks\kaggle_scripts\_tabular-playground-series-may-2022_starter-finding-and-measuring-lungs-in-37b6a589-7ipynb.py
346,D:\AgileAI\Kaggle_Notebooks\kaggle_scripts\_chaii-hindi-and-tamil-question-answering_neurowolfipynb.py
347,D:\AgileAI\Kaggle_Notebooks\kaggle_scripts\_plant-pathology-2020-fgvc7_plant-pathology-2020-playgroundipynb.py
348,D:\AgileAI\Kaggle_Notebooks\kaggle_scripts\_geolifeclef-2022-lifeclef-2022-fgvc9_an-lise-de-sentimentoipynb.py
349,D:\AgileAI\Kaggle_Notebooks\kaggle_scripts\_tensorflow-great-barrier-reef_spotify-koboipynb.py
350,D:\AgileAI\Kaggle_Notebooks\kaggle_scripts\_nfl-big-data-bowl-2020_nfl-eda-nn-analysisipynb.py
351,D:\AgileAI\Kaggle_Notebooks\kaggle_scripts\_titanic_function-linear-regression-single-line-codeipynb.py
352,D:\AgileAI\Kaggle_Notebooks\kaggle_scripts\_tabular-playground-series-nov-2021_titanic-competitionipynb.py
353,D:\AgileAI\Kaggle_Notebooks\kaggle_scripts\_foursquare-location-matching_uwmgi-image-segmentation-trainingipynb.py
354,D:\AgileAI\Kaggle_Notebooks\kaggle_scripts\_iwildcam2022-fgvc9_1-aviachipta-narxini-baholashipynb.py
355,D:\AgileAI\Kaggle_Notebooks\kaggle_scripts\_tabular-playground-series-sep-2021_new-optuna-lgbmipynb.py
356,D:\AgileAI\Kaggle_Notebooks\kaggle_scripts\_chaii-hindi-and-tamil-question-answering_starter-anime-recommendations-database-d0ac17ee-dipynb.py
357,D:\AgileAI\Kaggle_Notebooks\kaggle_scripts\_liverpool-ion-switching_finalgroup10ipynb.py
358,D:\AgileAI\Kaggle_Notebooks\kaggle_scripts\_ncaam-march-mania-2021_randomforest-with-imputationsipynb.py
359,D:\AgileAI\Kaggle_Notebooks\kaggle_scripts\_tpu-getting-started_petals-to-the-metal-with-tpuipynb.py
360,D:\AgileAI\Kaggle_Notebooks\kaggle_scripts\_tabular-playground-series-feb-2022_ts-6-deep-learning-for-ts-rnn-and-friendsipynb.py
361,D:\AgileAI\Kaggle_Notebooks\kaggle_scripts\_chaii-hindi-and-tamil-question-answering_titanic-support-vector-machine-gridsearchcvipynb.py
362,D:\AgileAI\Kaggle_Notebooks\kaggle_scripts\_nfl-big-data-bowl-2022_uwmgi-levit-unet-baselineipynb.py
363,D:\AgileAI\Kaggle_Notebooks\kaggle_scripts\_h-and-m-personalized-fashion-recommendations_credit-risk-modelingipynb.py
364,D:\AgileAI\Kaggle_Notebooks\kaggle_scripts\_happy-whale-and-dolphin_warhol-s-15-minutes-of-fame-albumentationsipynb.py
365,D:\AgileAI\Kaggle_Notebooks\kaggle_scripts\_hotel-id-to-combat-human-trafficking-2022-fgvc9_1-aviachipta-narxini-baholashipynb.py
366,D:\AgileAI\Kaggle_Notebooks\kaggle_scripts\_hotel-id-to-combat-human-trafficking-2022-fgvc9_starter-craigslist-cars-trucks-data-0c80b0db-4ipynb.py
367,D:\AgileAI\Kaggle_Notebooks\kaggle_scripts\_sartorius-cell-instance-segmentation_imdb-50k-glove-lstm-pytorch-lightningipynb.py
368,D:\AgileAI\Kaggle_Notebooks\kaggle_scripts\_tabular-playground-series-aug-2021_notebook8a1f2608deipynb.py
369,D:\AgileAI\Kaggle_Notebooks\kaggle_scripts\_sorghum-id-fgvc-9_titanic-support-vector-machine-gridsearchcvipynb.py
370,D:\AgileAI\Kaggle_Notebooks\kaggle_scripts\_kore-2022-beta_house-price-predictionipynb.py
371,D:\AgileAI\Kaggle_Notebooks\kaggle_scripts\_foursquare-location-matching_mnist-classification-dnn-cnn-intipynb.py
372,D:\AgileAI\Kaggle_Notebooks\kaggle_scripts\_digit-recognizer_simple-eda-stroke-prediction-using-6-ml-modelsipynb.py
373,D:\AgileAI\Kaggle_Notebooks\kaggle_scripts\_tabular-playground-series-dec-2021_arabic-pos-neg-textsipynb.py
374,D:\AgileAI\Kaggle_Notebooks\kaggle_scripts\_two-sigma-connect-rental-listing-inquiries_using-tensorflow-neural-networkipynb.py
375,D:\AgileAI\Kaggle_Notebooks\kaggle_scripts\_ventilator-pressure-prediction_quality-prediction-rf-xgb-lgb-optuna-89ipynb.py
376,D:\AgileAI\Kaggle_Notebooks\kaggle_scripts\_data-science-london-scikit-learn_gaussian-mixture-cluster-classifieripynb.py
377,D:\AgileAI\Kaggle_Notebooks\kaggle_scripts\_ubiquant-market-prediction_whichbook-2nd-place-solutionipynb.py
378,D:\AgileAI\Kaggle_Notebooks\kaggle_scripts\_house-prices-advanced-regression-techniques_dsbda-mini-projectipynb.py
379,D:\AgileAI\Kaggle_Notebooks\kaggle_scripts\_phase-ii-widsdatathon2022_starter-weather-conditions-in-world-97e783e4-cipynb.py
380,D:\AgileAI\Kaggle_Notebooks\kaggle_scripts\_womens-march-mania-2022_titanic-fill-missing-col-by-randomforestipynb.py
381,D:\AgileAI\Kaggle_Notebooks\kaggle_scripts\_phase-ii-widsdatathon2022_simple-cnn-paddy-disease-classifaction-acc-0-88ipynb.py
382,D:\AgileAI\Kaggle_Notebooks\kaggle_scripts\_tabular-playground-series-mar-2022_dic-fusionipynb.py
383,D:\AgileAI\Kaggle_Notebooks\kaggle_scripts\_tabular-playground-series-feb-2022_x-ray-vitipynb.py
384,D:\AgileAI\Kaggle_Notebooks\kaggle_scripts\_osic-pulmonary-fibrosis-progression_forked-osic-multiple-quantile-regressionipynb.py
385,D:\AgileAI\Kaggle_Notebooks\kaggle_scripts\_nfl-health-and-safety-helmet-assignment_starter-common-voice-5ac3d62d-eipynb.py
386,D:\AgileAI\Kaggle_Notebooks\kaggle_scripts\_competitive-data-science-predict-future-sales_imc-2022-dkm-loftripynb.py
387,D:\AgileAI\Kaggle_Notebooks\kaggle_scripts\_womens-march-mania-2022_starter-skin-cancer-malignant-vs-benignipynb.py
388,D:\AgileAI\Kaggle_Notebooks\kaggle_scripts\_zillow-prize-1_pytorch-regression-with-sklearn-pipelinesipynb.py
389,D:\AgileAI\Kaggle_Notebooks\kaggle_scripts\_nbme-score-clinical-patient-notes_starter-kuzushiji-mnist-ed86cfac-1ipynb.py
390,D:\AgileAI\Kaggle_Notebooks\kaggle_scripts\_feedback-prize-2021_fb-pp-v2-infernceipynb.py
391,D:\AgileAI\Kaggle_Notebooks\kaggle_scripts\_dont-overfit-ii_don-t-overfit-1ipynb.py
392,D:\AgileAI\Kaggle_Notebooks\kaggle_scripts\_h-and-m-personalized-fashion-recommendations_ieee-fraud-adversarial-lgb-split-pointsipynb.py
393,D:\AgileAI\Kaggle_Notebooks\kaggle_scripts\_tensorflow-great-barrier-reef_knn-classified-dataipynb.py
394,D:\AgileAI\Kaggle_Notebooks\kaggle_scripts\_tabular-playground-series-dec-2021_team-4-cnn-for-concrete-crack-imageipynb.py
395,D:\AgileAI\Kaggle_Notebooks\kaggle_scripts\_trends-assessment-prediction_trends-pca-and-dimensionality-reductionipynb.py
396,D:\AgileAI\Kaggle_Notebooks\kaggle_scripts\_birdclef-2022_giba-train-lgb-1ipynb.py
397,D:\AgileAI\Kaggle_Notebooks\kaggle_scripts\_landmark-retrieval-2020_glret-triplet-semi-hard-loss-with-distributed-tfipynb.py
398,D:\AgileAI\Kaggle_Notebooks\kaggle_scripts\_dog-breed-identification_dog-breed-transfer-learning-combining-4-backbonesipynb.py
399,D:\AgileAI\Kaggle_Notebooks\kaggle_scripts\_tpu-getting-started_simple-eda-stroke-prediction-using-6-ml-modelsipynb.py
400,D:\AgileAI\Kaggle_Notebooks\kaggle_scripts\_tabular-playground-series-apr-2022_xgboost-try2ipynb.py
401,D:\AgileAI\Kaggle_Notebooks\kaggle_scripts\_nfl-health-and-safety-helmet-assignment_nfl-updated-helper-code-helmet-mapping-deepsortipynb.py
402,D:\AgileAI\Kaggle_Notebooks\kaggle_scripts\_happy-whale-and-dolphin_titanic-top-4-with-ensemble-modelingipynb.py
403,D:\AgileAI\Kaggle_Notebooks\kaggle_scripts\_herbarium-2022-fgvc9_demystify-image-segmentation-from-scratchipynb.py
404,D:\AgileAI\Kaggle_Notebooks\kaggle_scripts\_ga-customer-revenue-prediction_basics-of-google-analyticsipynb.py
405,D:\AgileAI\Kaggle_Notebooks\kaggle_scripts\_ventilator-pressure-prediction_starter-zomato-bangalore-restaurants-38d284f9-bipynb.py
406,D:\AgileAI\Kaggle_Notebooks\kaggle_scripts\_tpu-getting-started_home-price-prediction-modelipynb.py
407,D:\AgileAI\Kaggle_Notebooks\kaggle_scripts\_digit-recognizer_starter-supermarket-sales-84094115-8ipynb.py
408,D:\AgileAI\Kaggle_Notebooks\kaggle_scripts\_kore-2022_starter-forecasts-for-product-demand-3c95b4b2-fipynb.py
409,D:\AgileAI\Kaggle_Notebooks\kaggle_scripts\_covid19-global-forecasting-week-1_covid-prediction-lstipynb.py
410,D:\AgileAI\Kaggle_Notebooks\kaggle_scripts\_tabular-playground-series-may-2022_starter-forecasts-for-product-demand-3c95b4b2-fipynb.py
411,D:\AgileAI\Kaggle_Notebooks\kaggle_scripts\_house-prices-advanced-regression-techniques_private-or-public-dsos2022ipynb.py
412,D:\AgileAI\Kaggle_Notebooks\kaggle_scripts\_digit-recognizer_pytorch-pretrained-fasterrcnnipynb.py
413,D:\AgileAI\Kaggle_Notebooks\kaggle_scripts\_jigsaw-multilingual-toxic-comment-classification_deep-learning-for-nlp-zero-to-transformers-bertipynb.py
414,D:\AgileAI\Kaggle_Notebooks\kaggle_scripts\_state-farm-distracted-driver-detection_cnn-types-scratch-batchnorm-data-augipynb.py
415,D:\AgileAI\Kaggle_Notebooks\kaggle_scripts\_deepfake-detection-challenge_multi-model-head-ensambleripynb.py
416,D:\AgileAI\Kaggle_Notebooks\kaggle_scripts\_AI4Code_feature-selection-testingipynb.py
417,D:\AgileAI\Kaggle_Notebooks\kaggle_scripts\_petfinder-pawpularity-score_energy-efficiency-model-for-buildingipynb.py
418,D:\AgileAI\Kaggle_Notebooks\kaggle_scripts\_aerial-cactus-identification_aerial-cactus-id-with-cnnipynb.py
419,D:\AgileAI\Kaggle_Notebooks\kaggle_scripts\_tabular-playground-series-mar-2022_add-0036519379-loading-transformed-dataipynb.py
420,D:\AgileAI\Kaggle_Notebooks\kaggle_scripts\_tabular-playground-series-oct-2021_eda-to-predictionipynb.py
421,D:\AgileAI\Kaggle_Notebooks\kaggle_scripts\_sorghum-id-fgvc-9_starter-list-of-pypi-packages-9fc58ebb-3ipynb.py
422,D:\AgileAI\Kaggle_Notebooks\kaggle_scripts\_ventilator-pressure-prediction_tps-2022-05-important-features-updatedipynb.py
423,D:\AgileAI\Kaggle_Notebooks\kaggle_scripts\_tabular-playground-series-feb-2022_nada-spotify-edaipynb.py
424,D:\AgileAI\Kaggle_Notebooks\kaggle_scripts\_gendered-pronoun-resolution_gendered-pronoun-frameworkipynb.py
425,D:\AgileAI\Kaggle_Notebooks\kaggle_scripts\_digit-recognizer_add-0036517236-cluster-analysis-visualizationipynb.py
426,D:\AgileAI\Kaggle_Notebooks\kaggle_scripts\_challenges-in-representation-learning-facial-expression-recognition-challenge_face-emotion-classification-with-mlp-d8b495ipynb.py
427,D:\AgileAI\Kaggle_Notebooks\kaggle_scripts\_connectx_starter-world-happiness-report-3e383691-dipynb.py
428,D:\AgileAI\Kaggle_Notebooks\kaggle_scripts\_smartphone-decimeter-2022_starter-asl-fingerspelling-images-37ea81cb-4ipynb.py
429,D:\AgileAI\Kaggle_Notebooks\kaggle_scripts\_AI4Code_titanic-submission-01ipynb.py
430,D:\AgileAI\Kaggle_Notebooks\kaggle_scripts\_mens-march-mania-2022_predictive-maintainanceipynb.py
431,D:\AgileAI\Kaggle_Notebooks\kaggle_scripts\_msk-redefining-cancer-treatment_guess-real-stage-2-test-datasetipynb.py
432,D:\AgileAI\Kaggle_Notebooks\kaggle_scripts\_store-sales-time-series-forecasting_spaceship-titanic-try-to-pipelineipynb.py
433,D:\AgileAI\Kaggle_Notebooks\kaggle_scripts\_titanic_automatic-model-selectionipynb.py
434,D:\AgileAI\Kaggle_Notebooks\kaggle_scripts\_iwildcam2022-fgvc9_titanic-one-feature-predictionipynb.py
435,D:\AgileAI\Kaggle_Notebooks\kaggle_scripts\_gan-getting-started_tps-may-2022-easiest-xgboostipynb.py
436,D:\AgileAI\Kaggle_Notebooks\kaggle_scripts\_tabular-playground-series-nov-2021_titanic-spaceship-predictionipynb.py
437,D:\AgileAI\Kaggle_Notebooks\kaggle_scripts\_whats-cooking_linearsvcipynb.py
438,D:\AgileAI\Kaggle_Notebooks\kaggle_scripts\_airbnb-recruiting-new-user-bookings_airbnb-springboard-edaipynb.py
439,D:\AgileAI\Kaggle_Notebooks\kaggle_scripts\_costa-rican-household-poverty-prediction_kernel220af5c41eipynb.py
440,D:\AgileAI\Kaggle_Notebooks\kaggle_scripts\_house-prices-advanced-regression-techniques_lstm-prediction-with-ohlcipynb.py
441,D:\AgileAI\Kaggle_Notebooks\kaggle_scripts\_jigsaw-multilingual-toxic-comment-classification_pytorch-lightning-bert-base-on-tpu-trainingipynb.py
442,D:\AgileAI\Kaggle_Notebooks\kaggle_scripts\_titanic_titanic-automl-tf-accuracy-0-7949ipynb.py
443,D:\AgileAI\Kaggle_Notebooks\kaggle_scripts\_foursquare-location-matching_starter-zoo-animal-classification-a530e8a2-7ipynb.py
444,D:\AgileAI\Kaggle_Notebooks\kaggle_scripts\_santa-2021_recall-97-by-using-undersampling-neural-networkipynb.py
445,D:\AgileAI\Kaggle_Notebooks\kaggle_scripts\_whale-categorization-playground_tf-keras-implipynb.py
446,D:\AgileAI\Kaggle_Notebooks\kaggle_scripts\_ubiquant-market-prediction_starter-world-university-rankings-57003967-cipynb.py
447,D:\AgileAI\Kaggle_Notebooks\kaggle_scripts\_jpx-tokyo-stock-exchange-prediction_jpx-tokyo-stock-price-predictionipynb.py
448,D:\AgileAI\Kaggle_Notebooks\kaggle_scripts\_iwildcam2022-fgvc9_team-4-cnn-for-concrete-crack-imageipynb.py
449,D:\AgileAI\Kaggle_Notebooks\kaggle_scripts\_jpx-tokyo-stock-exchange-prediction_multiple-linear-regression-using-clustersipynb.py
450,D:\AgileAI\Kaggle_Notebooks\kaggle_scripts\_contradictory-my-dear-watson_indian-sign-lang-f1-score-100ipynb.py
451,D:\AgileAI\Kaggle_Notebooks\kaggle_scripts\_sorghum-id-fgvc-9_tract-segm-baseline-flash-unet-albumentationipynb.py
452,D:\AgileAI\Kaggle_Notebooks\kaggle_scripts\_chaii-hindi-and-tamil-question-answering_15-classification-models-summary-table-oheipynb.py
453,D:\AgileAI\Kaggle_Notebooks\kaggle_scripts\_shopee-product-matching_metric-learning-image-tfidf-inference-shopeeipynb.py
454,D:\AgileAI\Kaggle_Notebooks\kaggle_scripts\_AI4Code_uci-heart-disease-eda-modellingipynb.py
455,D:\AgileAI\Kaggle_Notebooks\kaggle_scripts\_state-farm-distracted-driver-detection_driver-action-detection-using-efficientnetsipynb.py
456,D:\AgileAI\Kaggle_Notebooks\kaggle_scripts\_feedback-prize-2021_nlp-document-retrieval-for-question-answeringipynb.py
457,D:\AgileAI\Kaggle_Notebooks\kaggle_scripts\_tabular-playground-series-mar-2022_prediction-using-simple-xgboostipynb.py
458,D:\AgileAI\Kaggle_Notebooks\kaggle_scripts\_bluebook-for-bulldozers_fast-ai-machine-learning-lesson-1-and-2-notesipynb.py
459,D:\AgileAI\Kaggle_Notebooks\kaggle_scripts\_uw-madison-gi-tract-image-segmentation_tps-may-2022-easiest-xgboostipynb.py
460,D:\AgileAI\Kaggle_Notebooks\kaggle_scripts\_contradictory-my-dear-watson_dd20051211ipynb.py
461,D:\AgileAI\Kaggle_Notebooks\kaggle_scripts\_sartorius-cell-instance-segmentation_getting-started-understanding-dataipynb.py
462,D:\AgileAI\Kaggle_Notebooks\kaggle_scripts\_bengaliai-cv19_validation-with-unseenipynb.py
463,D:\AgileAI\Kaggle_Notebooks\kaggle_scripts\_contradictory-my-dear-watson_contradictory-my-dear-watson-by-federico-cabreraipynb.py
464,D:\AgileAI\Kaggle_Notebooks\kaggle_scripts\_rsna-miccai-brain-tumor-radiogenomic-classification_study-kaggle-tabular-playground-series-jan-2022ipynb.py
465,D:\AgileAI\Kaggle_Notebooks\kaggle_scripts\_covid19-global-forecasting-week-5_week5-v2ipynb.py
466,D:\AgileAI\Kaggle_Notebooks\kaggle_scripts\_vinbigdata-chest-xray-abnormalities-detection_vinbigdata-chest-xrayipynb.py
467,D:\AgileAI\Kaggle_Notebooks\kaggle_scripts\_tpu-getting-started_mushroom-classificationipynb.py
468,D:\AgileAI\Kaggle_Notebooks\kaggle_scripts\_image-matching-challenge-2022_audio-data-eda-processing-modeling-recommendipynb.py
469,D:\AgileAI\Kaggle_Notebooks\kaggle_scripts\_ncaam-march-mania-2021_ncaam-2021-lgb-w-fe-on-three-datasetsipynb.py
470,D:\AgileAI\Kaggle_Notebooks\kaggle_scripts\_titanic_quality-prediction-rf-xgb-lgb-optuna-89ipynb.py
471,D:\AgileAI\Kaggle_Notebooks\kaggle_scripts\_uw-madison-gi-tract-image-segmentation_pytorch-deeplab-v3-plus-multiple-loss-2-foldsipynb.py
472,D:\AgileAI\Kaggle_Notebooks\kaggle_scripts\_rsna-miccai-brain-tumor-radiogenomic-classification_vietnam-currencyipynb.py
473,D:\AgileAI\Kaggle_Notebooks\kaggle_scripts\_zillow-prize-1_fork-of-simple-exploration-notebook-zillow-prizeipynb.py
474,D:\AgileAI\Kaggle_Notebooks\kaggle_scripts\_ventilator-pressure-prediction_starter-the-movies-dataset-bffc2c5f-fipynb.py
475,D:\AgileAI\Kaggle_Notebooks\kaggle_scripts\_LANL-Earthquake-Prediction_a-light-weight-time-to-event-regressionipynb.py
476,D:\AgileAI\Kaggle_Notebooks\kaggle_scripts\_digit-recognizer_seoul-bike-rental-86-5ipynb.py
477,D:\AgileAI\Kaggle_Notebooks\kaggle_scripts\_santa-2021_audio-data-eda-processing-modeling-recommendipynb.py
478,D:\AgileAI\Kaggle_Notebooks\kaggle_scripts\_phase-ii-widsdatathon2022_skincanceripynb.py
479,D:\AgileAI\Kaggle_Notebooks\kaggle_scripts\_jane-street-market-prediction_pytorch-resnet-starter-trainingipynb.py
480,D:\AgileAI\Kaggle_Notebooks\kaggle_scripts\_tabular-playground-series-apr-2022_fastttext-sorting-with-cosine-distance-algoipynb.py
481,D:\AgileAI\Kaggle_Notebooks\kaggle_scripts\_liverpool-ion-switching_busu-net-with-tensorflow-kerasipynb.py
482,D:\AgileAI\Kaggle_Notebooks\kaggle_scripts\_us-patent-phrase-to-phrase-matching_ai4code-pairwise-bertsmall-inferenceipynb.py
483,D:\AgileAI\Kaggle_Notebooks\kaggle_scripts\_titanic_fruit-ds-eda-dp-lr-knn-rf-lgbm-automl-acc-0-91ipynb.py
484,D:\AgileAI\Kaggle_Notebooks\kaggle_scripts\_lyft-motion-prediction-autonomous-vehicles_lyft-av-py-lightning-resnet-training-baselineipynb.py
485,D:\AgileAI\Kaggle_Notebooks\kaggle_scripts\_competitive-data-science-predict-future-sales_tensorflow-aslfeat-inferenceipynb.py
486,D:\AgileAI\Kaggle_Notebooks\kaggle_scripts\_rsna-miccai-brain-tumor-radiogenomic-classification_core-fa19-regressionipynb.py
487,D:\AgileAI\Kaggle_Notebooks\kaggle_scripts\_happy-whale-and-dolphin_an-lise-de-sentimentoipynb.py
488,D:\AgileAI\Kaggle_Notebooks\kaggle_scripts\_sartorius-cell-instance-segmentation_ciencias-de-datos-tarea-2ipynb.py
489,D:\AgileAI\Kaggle_Notebooks\kaggle_scripts\_optiver-realized-volatility-prediction_starter-trending-youtube-video-55ec74f4-8ipynb.py
490,D:\AgileAI\Kaggle_Notebooks\kaggle_scripts\_kore-2022_cifar100ipynb.py
491,D:\AgileAI\Kaggle_Notebooks\kaggle_scripts\_nlp-getting-started_5-classes-classification-amazon-reviews-40-lstmipynb.py
492,D:\AgileAI\Kaggle_Notebooks\kaggle_scripts\_siim-covid19-detection_covid19-detipynb.py
493,D:\AgileAI\Kaggle_Notebooks\kaggle_scripts\_spaceship-titanic_hw4-vashchenkoipynb.py
494,D:\AgileAI\Kaggle_Notebooks\kaggle_scripts\_hotel-id-to-combat-human-trafficking-2022-fgvc9_wine-quality-classificationipynb.py
495,D:\AgileAI\Kaggle_Notebooks\kaggle_scripts\_contradictory-my-dear-watson_nlp-with-disaster-tweets-pytorchipynb.py
496,D:\AgileAI\Kaggle_Notebooks\kaggle_scripts\_tabular-playground-series-oct-2021_ann-mnist-classification-deep-learningipynb.py
497,D:\AgileAI\Kaggle_Notebooks\kaggle_scripts\_optiver-realized-volatility-prediction_feature-selection-testingipynb.py
498,D:\AgileAI\Kaggle_Notebooks\kaggle_scripts\_jpx-tokyo-stock-exchange-prediction_audio-data-eda-processing-modeling-recommendipynb.py
499,D:\AgileAI\Kaggle_Notebooks\kaggle_scripts\_tpu-getting-started_petals-to-the-metal-cv-projectipynb.py
500,D:\AgileAI\Kaggle_Notebooks\kaggle_scripts\_nlp-getting-started_logistic-regression-with-sgdipynb.py
501,D:\AgileAI\Kaggle_Notebooks\kaggle_scripts\_tabular-playground-series-may-2022_fastai-unet-starteripynb.py
502,D:\AgileAI\Kaggle_Notebooks\kaggle_scripts\_tabular-playground-series-mar-2022_moroccan-car-price-predictionipynb.py
503,D:\AgileAI\Kaggle_Notebooks\kaggle_scripts\_tabular-playground-series-jan-2022_tp2-organizacion-de-datosipynb.py
504,D:\AgileAI\Kaggle_Notebooks\kaggle_scripts\_tpu-getting-started_titanic-dataipynb.py
505,D:\AgileAI\Kaggle_Notebooks\kaggle_scripts\_iwildcam2022-fgvc9_demystify-image-segmentation-from-scratchipynb.py
506,D:\AgileAI\Kaggle_Notebooks\kaggle_scripts\_uw-madison-gi-tract-image-segmentation_titanic-testipynb.py
507,D:\AgileAI\Kaggle_Notebooks\kaggle_scripts\_sartorius-cell-instance-segmentation_heart-disease-scoring-who-is-dangerousipynb.py
508,D:\AgileAI\Kaggle_Notebooks\kaggle_scripts\_kore-2022-beta_titanic-one-feature-predictionipynb.py
509,D:\AgileAI\Kaggle_Notebooks\kaggle_scripts\_tmdb-box-office-prediction_waldodataeliasipynb.py
510,D:\AgileAI\Kaggle_Notebooks\kaggle_scripts\_geolifeclef-2022-lifeclef-2022-fgvc9_svmexampleipynb.py
511,D:\AgileAI\Kaggle_Notebooks\kaggle_scripts\_house-prices-advanced-regression-techniques_motorcycle-predictionipynb.py
512,D:\AgileAI\Kaggle_Notebooks\kaggle_scripts\_santas-stolen-sleigh_fast-santa-s-script-15316005444-46930py.py
513,D:\AgileAI\Kaggle_Notebooks\kaggle_scripts\_freesound-audio-tagging-2019_fat19-fastai-mixup-multipreprodatasetipynb.py
514,D:\AgileAI\Kaggle_Notebooks\kaggle_scripts\_tensorflow-great-barrier-reef_rice-paddy-classifieripynb.py
515,D:\AgileAI\Kaggle_Notebooks\kaggle_scripts\_tabular-playground-series-may-2022_hybridipynb.py
516,D:\AgileAI\Kaggle_Notebooks\kaggle_scripts\_sorghum-id-fgvc-9_dd20051211ipynb.py
517,D:\AgileAI\Kaggle_Notebooks\kaggle_scripts\_uw-madison-gi-tract-image-segmentation_drug-multi-classification-rfc-96-6ipynb.py
518,D:\AgileAI\Kaggle_Notebooks\kaggle_scripts\_kaggle-survey-2021_fungiclef-kornia-torchipynb.py
519,D:\AgileAI\Kaggle_Notebooks\kaggle_scripts\_ranzcr-clip-catheter-line-classification_resnet200dipynb.py
520,D:\AgileAI\Kaggle_Notebooks\kaggle_scripts\_humpback-whale-identification_cnnprojectipynb.py
521,D:\AgileAI\Kaggle_Notebooks\kaggle_scripts\_santa-2021_hybridipynb.py
522,D:\AgileAI\Kaggle_Notebooks\kaggle_scripts\_kaggle-survey-2021_microbes-notebook-ulothrix-or-nahipynb.py
523,D:\AgileAI\Kaggle_Notebooks\kaggle_scripts\_lux-ai-2021_lstm-prediction-with-ohlcipynb.py
524,D:\AgileAI\Kaggle_Notebooks\kaggle_scripts\_generative-dog-images_gan-bcelogitlossipynb.py
525,D:\AgileAI\Kaggle_Notebooks\kaggle_scripts\_tensorflow-speech-recognition-challenge_fork-of-midas-task1-finalipynb.py
526,D:\AgileAI\Kaggle_Notebooks\kaggle_scripts\_kaggle-survey-2021_spaceship-titanic-boruta-demoipynb.py
527,D:\AgileAI\Kaggle_Notebooks\kaggle_scripts\_jigsaw-toxic-severity-rating_feature-selection-testingipynb.py
528,D:\AgileAI\Kaggle_Notebooks\kaggle_scripts\_phase-ii-widsdatathon2022_grocery-store-sales-predicitonipynb.py
529,D:\AgileAI\Kaggle_Notebooks\kaggle_scripts\_foursquare-location-matching_vision-transformeripynb.py
530,D:\AgileAI\Kaggle_Notebooks\kaggle_scripts\_optiver-realized-volatility-prediction_starter-zomato-bangalore-restaurants-38d284f9-bipynb.py
531,D:\AgileAI\Kaggle_Notebooks\kaggle_scripts\_iwildcam2022-fgvc9_ts-6-deep-learning-for-ts-rnn-and-friendsipynb.py
532,D:\AgileAI\Kaggle_Notebooks\kaggle_scripts\_g-research-crypto-forecasting_crypto-forecasting-with-lgbm-gridsearchipynb.py
533,D:\AgileAI\Kaggle_Notebooks\kaggle_scripts\_two-sigma-connect-rental-listing-inquiries_projet-machine-learning-finalipynb.py
534,D:\AgileAI\Kaggle_Notebooks\kaggle_scripts\_connectx_notebook-baselineipynb.py
535,D:\AgileAI\Kaggle_Notebooks\kaggle_scripts\_ventilator-pressure-prediction_object-recognition-yolov5-coco-datasetipynb.py
536,D:\AgileAI\Kaggle_Notebooks\kaggle_scripts\_ncaam-march-mania-2021_ncaam-simple-model-copyipynb.py
537,D:\AgileAI\Kaggle_Notebooks\kaggle_scripts\_avito-demand-prediction_catboostattemptipynb.py
538,D:\AgileAI\Kaggle_Notebooks\kaggle_scripts\_tabular-playground-series-mar-2021_tps-march-lgbm-with-optunaipynb.py
539,D:\AgileAI\Kaggle_Notebooks\kaggle_scripts\_g-research-crypto-forecasting_raisin-svm-classificationipynb.py
540,D:\AgileAI\Kaggle_Notebooks\kaggle_scripts\_titanic_train-oversampled-data-rain-only-1-hour-aheadipynb.py
541,D:\AgileAI\Kaggle_Notebooks\kaggle_scripts\_santa-2021_ieee-fraud-adversarial-lgb-split-pointsipynb.py
542,D:\AgileAI\Kaggle_Notebooks\kaggle_scripts\_siim-acr-pneumothorax-segmentation_new-caps-21-7ipynb.py
543,D:\AgileAI\Kaggle_Notebooks\kaggle_scripts\_tabular-playground-series-nov-2021_birdclef22-playing-with-dataipynb.py
544,D:\AgileAI\Kaggle_Notebooks\kaggle_scripts\_ventilator-pressure-prediction_starter-crimes-in-boston-ef74eab8-3ipynb.py
545,D:\AgileAI\Kaggle_Notebooks\kaggle_scripts\_nbme-score-clinical-patient-notes_motor-temperature-predictionipynb.py
546,D:\AgileAI\Kaggle_Notebooks\kaggle_scripts\_nfl-health-and-safety-helmet-assignment_tabular-playground-series-competitionipynb.py
547,D:\AgileAI\Kaggle_Notebooks\kaggle_scripts\_tabular-playground-series-dec-2021_projet-tipe-dataset-maisonipynb.py
548,D:\AgileAI\Kaggle_Notebooks\kaggle_scripts\_walmart-recruiting-store-sales-forecasting_1st-analysis-of-the-walmart-salesipynb.py
549,D:\AgileAI\Kaggle_Notebooks\kaggle_scripts\_m5-forecasting-accuracy_final-solution-726th-placeipynb.py
550,D:\AgileAI\Kaggle_Notebooks\kaggle_scripts\_competitive-data-science-predict-future-sales_notebook8194c7bdfaipynb.py
551,D:\AgileAI\Kaggle_Notebooks\kaggle_scripts\_nfl-big-data-bowl-2020_model-and-explanationipynb.py
552,D:\AgileAI\Kaggle_Notebooks\kaggle_scripts\_lish-moa_team-3-augmented-dataipynb.py
553,D:\AgileAI\Kaggle_Notebooks\kaggle_scripts\_tabular-playground-series-nov-2021_starter-zomato-bangalore-restaurants-38d284f9-bipynb.py
554,D:\AgileAI\Kaggle_Notebooks\kaggle_scripts\_ventilator-pressure-prediction_pistachio-image-dataset-yu-taskipynb.py
555,D:\AgileAI\Kaggle_Notebooks\kaggle_scripts\_lux-ai-2021_fast-il-in-kerasipynb.py
556,D:\AgileAI\Kaggle_Notebooks\kaggle_scripts\_tabular-playground-series-nov-2021_uwmgi-levit-unet-baselineipynb.py
557,D:\AgileAI\Kaggle_Notebooks\kaggle_scripts\_mens-march-mania-2022_fruit-image-classificationipynb.py
558,D:\AgileAI\Kaggle_Notebooks\kaggle_scripts\_ventilator-pressure-prediction_ventilator-01-modify-dataipynb.py
559,D:\AgileAI\Kaggle_Notebooks\kaggle_scripts\_uw-madison-gi-tract-image-segmentation_digit-recognizer-svm-keras-score-99ipynb.py
560,D:\AgileAI\Kaggle_Notebooks\kaggle_scripts\_tabular-playground-series-mar-2022_05-13-renewal-simple-cnn-model-using-kerasipynb.py
561,D:\AgileAI\Kaggle_Notebooks\kaggle_scripts\_kore-2022-beta_tps-may-2022-easiest-xgboostipynb.py
562,D:\AgileAI\Kaggle_Notebooks\kaggle_scripts\_ga-customer-revenue-prediction_gs-nn-indi-train-1-13-3py.py
563,D:\AgileAI\Kaggle_Notebooks\kaggle_scripts\_nfl-big-data-bowl-2022_titanic-problem-solutionipynb.py
564,D:\AgileAI\Kaggle_Notebooks\kaggle_scripts\_galaxy-zoo-the-galaxy-challenge_teste-classifica-o-de-gal-xiasipynb.py
565,D:\AgileAI\Kaggle_Notebooks\kaggle_scripts\_phase-ii-widsdatathon2022_iowa-housing-pricesipynb.py
566,D:\AgileAI\Kaggle_Notebooks\kaggle_scripts\_tabular-playground-series-apr-2022_tps-apr-lstms-220422-961ipynb.py
567,D:\AgileAI\Kaggle_Notebooks\kaggle_scripts\_optiver-realized-volatility-prediction_simple-cnn-keras-for-beginnersipynb.py
568,D:\AgileAI\Kaggle_Notebooks\kaggle_scripts\_store-sales-time-series-forecasting_drug-multi-classification-rfc-96-6ipynb.py
569,D:\AgileAI\Kaggle_Notebooks\kaggle_scripts\_nbme-score-clinical-patient-notes_santander-customer-pca-dae-using-lr-lgbmipynb.py
570,D:\AgileAI\Kaggle_Notebooks\kaggle_scripts\_competitive-data-science-predict-future-sales_houseprices-eda-pycaret-deeplearning-tfipynb.py
571,D:\AgileAI\Kaggle_Notebooks\kaggle_scripts\_tabular-playground-series-nov-2021_custom-transformations-scikit-learn-pipelinesipynb.py
572,D:\AgileAI\Kaggle_Notebooks\kaggle_scripts\_spaceship-titanic_starter-climate-change-earth-surface-e24bc90c-4ipynb.py
573,D:\AgileAI\Kaggle_Notebooks\kaggle_scripts\_nfl-health-and-safety-helmet-assignment_eda-and-logistic-regressionipynb.py
574,D:\AgileAI\Kaggle_Notebooks\kaggle_scripts\_tabular-playground-series-nov-2021_train-oversampled-data-rain-sat-wind-1-hour-aheadipynb.py
575,D:\AgileAI\Kaggle_Notebooks\kaggle_scripts\_spaceship-titanic_t-sne-plot-glove-6b-100d-vs-word2vec-vs-tf-useipynb.py
576,D:\AgileAI\Kaggle_Notebooks\kaggle_scripts\_image-matching-challenge-2022_tabularplaygroundmay2022-edaipynb.py
577,D:\AgileAI\Kaggle_Notebooks\kaggle_scripts\_AI4Code_add-0036519379-loading-transformed-dataipynb.py
578,D:\AgileAI\Kaggle_Notebooks\kaggle_scripts\_plant-pathology-2020-fgvc7_tensorflow-multi-classification-transfer-learningipynb.py
579,D:\AgileAI\Kaggle_Notebooks\kaggle_scripts\_tweet-sentiment-extraction_senti-analysisipynb.py
580,D:\AgileAI\Kaggle_Notebooks\kaggle_scripts\_kaggle-survey-2021_the-best-way-of-handling-the-bson-filesipynb.py
581,D:\AgileAI\Kaggle_Notebooks\kaggle_scripts\_nfl-big-data-bowl-2022_credit-card-fraud-detection-compare-lr-dt-svmipynb.py
582,D:\AgileAI\Kaggle_Notebooks\kaggle_scripts\_competitive-data-science-predict-future-sales_santander-customer-transaction-prediction-xgbcipynb.py
583,D:\AgileAI\Kaggle_Notebooks\kaggle_scripts\_us-patent-phrase-to-phrase-matching_tensorflow-transfer-learningipynb.py
584,D:\AgileAI\Kaggle_Notebooks\kaggle_scripts\_mens-march-mania-2022_nlp-with-disaster-tweets-pytorchipynb.py
585,D:\AgileAI\Kaggle_Notebooks\kaggle_scripts\_chaii-hindi-and-tamil-question-answering_microbes-notebook-ulothrix-or-nahipynb.py
586,D:\AgileAI\Kaggle_Notebooks\kaggle_scripts\_lux-ai-2021_cat-dag-with-cnnipynb.py
587,D:\AgileAI\Kaggle_Notebooks\kaggle_scripts\_optiver-realized-volatility-prediction_getting-started-with-titanicipynb.py
588,D:\AgileAI\Kaggle_Notebooks\kaggle_scripts\_rfcx-species-audio-detection_rfcx-panns-inferenceipynb.py
589,D:\AgileAI\Kaggle_Notebooks\kaggle_scripts\_nlp-getting-started_starter-credit-card-fraud-detection-249b5984-4ipynb.py
590,D:\AgileAI\Kaggle_Notebooks\kaggle_scripts\_human-protein-atlas-image-classification_dna-first-kaggleipynb.py
591,D:\AgileAI\Kaggle_Notebooks\kaggle_scripts\_us-patent-phrase-to-phrase-matching_fasttext-supervised-classifieripynb.py
592,D:\AgileAI\Kaggle_Notebooks\kaggle_scripts\_tabular-playground-series-dec-2021_featurewiz-lightgbm-on-dec-tps-scoreipynb.py
593,D:\AgileAI\Kaggle_Notebooks\kaggle_scripts\_tabular-playground-series-dec-2021_starter-cyber-security-breaches-data-dc99ad12-aipynb.py
594,D:\AgileAI\Kaggle_Notebooks\kaggle_scripts\_tabular-playground-series-jan-2022_periodic-table-eda-visualizingipynb.py
595,D:\AgileAI\Kaggle_Notebooks\kaggle_scripts\_feedback-prize-2021_spaceship-titanic-sklearnipynb.py
596,D:\AgileAI\Kaggle_Notebooks\kaggle_scripts\_yelp-recsys-2013_yelp-ratings-reviewpy.py
597,D:\AgileAI\Kaggle_Notebooks\kaggle_scripts\_image-matching-challenge-2022_starter-vehicle-number-plate-detection-ab1953a8-bipynb.py
